advance	unreached
advance_epoch	toolchain_only
also_display	runtime_only
append_pending_retrieval_override	runtime_only
apply_assignments	toolchain_only
apply_memit_deltas_to_down_weights	toolchain_only
as_field_name	unreached
average_embed_rows	shared
bake_compile_into_model	toolchain_only
bake_compile_into_vindex	toolchain_only
balance_installed	toolchain_only
balance_installed_v3	toolchain_only
band_from_name	unreached
band_label	unreached
band_str	unreached
band_to_layer_range	runtime_only
banner	runtime_only
bind	shared
bind_v3_session	shared
browse	shared
build	runtime_only
build_attention_map	runtime_only
build_lens_map	runtime_only
canonical_candidates	runtime_only
canonical_or_absolute	toolchain_only
canonical_prompt	toolchain_only
capture	runtime_only
capture_install_residuals	toolchain_only
capture_layer_decoys	toolchain_only
capture_layer_residual	toolchain_only
check	unreached
check_and_parse	runtime_only
check_comma	unreached
check_keyword	unreached
check_pipe	unreached
classify_direction	unreached
classify_input	unreached
cluster_centre_for_relation	unreached
cluster_for_feature	unreached
cluster_for_relation	unreached
cluster_info	runtime_only
collect_compile_collisions	toolchain_only
collect_edges	runtime_only
collect_memit_facts_with_recording	toolchain_only
collect_via_scan	runtime_only
collect_via_walk	runtime_only
compose_overrides	shared
compute_layer_median_norms	toolchain_only
copy_for_patch	toolchain_only
cross_fact_regression_check	toolchain_only
cross_fact_regression_check_v3	toolchain_only
declared_bos_token	shared
default	unreached
describe_build_query	runtime_only
describe_collect_edges	runtime_only
describe_edges	unreached
describe_format_and_split	runtime_only
describe_scan_layers	runtime_only
detect_down_dtype_bytes	toolchain_only
dir_size	shared
dirs_or_home	unreached
eat_semicolon	unreached
edge_cap	unreached
embeddings	runtime_only
encode_dense_prompt	runtime_only
encode_prompt	shared
encode_row	toolchain_only
encode_v3_prompt	shared
encode_vector	unreached
encode_vindex_prompt	shared
ensure_patch_session	unreached
entity_query_vec	shared
exec	shared
exec_apply_patch	toolchain_only
exec_begin_patch	toolchain_only
exec_compact_into	toolchain_only
exec_compact_major	toolchain_only
exec_compact_minor	toolchain_only
exec_compile	toolchain_only
exec_compile_into_model	toolchain_only
exec_compile_into_vindex	toolchain_only
exec_compile_into_vindex_v3	toolchain_only
exec_delete	toolchain_only
exec_describe	runtime_only
exec_diff	toolchain_only
exec_diff_v3	toolchain_only
exec_explain	runtime_only
exec_extract	toolchain_only
exec_extract_v3	toolchain_only
exec_infer	runtime_only
exec_infer_trace	runtime_only
exec_infer_trace_dense	runtime_only
exec_insert	toolchain_only
exec_insert_compose_v3	toolchain_only
exec_insert_knn	toolchain_only
exec_insert_knn_v3	toolchain_only
exec_merge	toolchain_only
exec_rebalance	toolchain_only
exec_rebalance_v3	toolchain_only
exec_remove_patch	toolchain_only
exec_save_patch	toolchain_only
exec_select	runtime_only
exec_select_entities	runtime_only
exec_select_features	runtime_only
exec_select_nearest	runtime_only
exec_show_authority	runtime_only
exec_show_compact_status	toolchain_only
exec_show_components	runtime_only
exec_show_entities	runtime_only
exec_show_features	runtime_only
exec_show_layers	runtime_only
exec_show_models	runtime_only
exec_show_patches	toolchain_only
exec_show_provenance	runtime_only
exec_show_relations	runtime_only
exec_show_representations	runtime_only
exec_stats	runtime_only
exec_trace	runtime_only
exec_trace_with_ffn	runtime_only
exec_update	toolchain_only
exec_use	shared
exec_use_remote	shared
exec_v3_explain	runtime_only
exec_v3_infer	runtime_only
exec_v3_show_layers	runtime_only
exec_v3_stats	runtime_only
exec_v3_trace	runtime_only
exec_walk	runtime_only
execute	unreached
execute_and_print	unreached
execute_remote	unreached
expect_f32	unreached
expect_field_name	unreached
expect_ident_eq	unreached
expect_keyword	unreached
expect_string	unreached
expect_token	unreached
expect_u32	unreached
feature_meta	shared
feature_metas	runtime_only
find_features	toolchain_only
fmt	unreached
format_also	runtime_only
format_brief	runtime_only
format_bytes	runtime_only
format_describe_edge	runtime_only
format_insert_summary	toolchain_only
format_knn_override_summary	unreached
format_layer_range	runtime_only
format_number	unreached
format_raw	runtime_only
format_rows	runtime_only
format_verbose	runtime_only
from	unreached
from_conditions	shared
from_str	shared
from_vindex	shared
gate_knn	runtime_only
has_clusters	shared
history_path	unreached
install_math_produces_competing_activation	unreached
install_slots	toolchain_only
integer_condition	shared
is_complete_statement	unreached
is_content_token	runtime_only
is_probe_label	runtime_only
is_readable_token	runtime_only
is_remote	unreached
knn_canonical_prompt	toolchain_only
knn_entries_for_entity	runtime_only
knn_finalize	toolchain_only
label_for_feature	shared
layer_bands	unreached
layer_median_norms	toolchain_only
load_memit_store	shared
loaded_layers	shared
local_artifact	unreached
looks_like_entity	runtime_only
lookup_usize_condition	unreached
match_relation_top1	runtime_only
maybe_object_filter	unreached
maybe_save_and_return	runtime_only
median_or	toolchain_only
median_or_handles_single_element	unreached
median_or_picks_middle	unreached
median_or_sorts_input_in_place	unreached
median_or_uses_default_when_empty	unreached
memit_store	toolchain_only
memit_store_mut	toolchain_only
merge_should_write	toolchain_only
name	unreached
new	unreached
next_token	unreached
normalise_relation	unreached
num_clusters	shared
num_features	shared
num_probe_labels	shared
on_stage	unreached
on_stage_done	unreached
overlay_down_at	toolchain_only
parse	unreached
parse_apply	unreached
parse_assignment	unreached
parse_assignments	unreached
parse_begin	unreached
parse_compact	unreached
parse_compare_op	unreached
parse_compile	unreached
parse_component	unreached
parse_component_list	unreached
parse_condition	unreached
parse_conditions	unreached
parse_conflict_strategy	unreached
parse_delete	unreached
parse_describe	unreached
parse_diff	unreached
parse_explain	unreached
parse_extract	unreached
parse_field	unreached
parse_field_list	unreached
parse_infer	unreached
parse_insert	unreached
parse_layer_from_key	toolchain_only
parse_manifest_for_up	toolchain_only
parse_merge	unreached
parse_order_by	unreached
parse_output_format	unreached
parse_range	unreached
parse_rebalance	unreached
parse_remove	unreached
parse_save	unreached
parse_select	unreached
parse_show	unreached
parse_statement	unreached
parse_stats	unreached
parse_trace	unreached
parse_update	unreached
parse_use	unreached
parse_value	unreached
parse_vindex_ref	unreached
parse_walk	unreached
parse_walk_mode	unreached
patch_down_weights	toolchain_only
patch_gate_vectors	toolchain_only
patch_up_weights	toolchain_only
patched_overlay_mut	unreached
paths_collide	toolchain_only
peek	unreached
plan_install	toolchain_only
print_help	unreached
probe_layer	runtime_only
probe_target_prob	toolchain_only
profile	unreached
public_explorer_check	unreached
read_number	unreached
read_quoted	unreached
read_string	unreached
read_string_single	unreached
read_word	unreached
refine_layer_from_raw	toolchain_only
refine_layer_from_raw_v3	toolchain_only
refresh_installed_patch_ops_from_overlay	toolchain_only
refresh_recorded_patch_ops_for_slots	toolchain_only
refresh_recorded_patch_ops_for_slots_v3	toolchain_only
relation_classifier	shared
relation_eq	toolchain_only
relation_filter_matches	toolchain_only
relation_labels	runtime_only
relation_labels_ranked	runtime_only
relation_like	toolchain_only
relation_match	runtime_only
remote_apply_local_patch	unreached
remote_delete	unreached
remote_describe	unreached
remote_explain_infer	unreached
remote_get_json	runtime_only
remote_infer	unreached
remote_insert	unreached
remote_knn_override_line	unreached
remote_knn_override_summary	unreached
remote_post_json	unreached
remote_remove_local_patch	unreached
remote_select	unreached
remote_show_patches	unreached
remote_show_relations	unreached
remote_stats	runtime_only
remote_update	unreached
remote_walk	unreached
render_trace_layer	runtime_only
require_layer_feature	unreached
require_patched	toolchain_only
require_patched_mut	toolchain_only
require_remote	runtime_only
require_vindex	shared
resolve	runtime_only
resolve_bands	shared
resolve_candidates	toolchain_only
resolve_label	runtime_only
resolve_relation_explicit	runtime_only
resolve_relation_synonym	runtime_only
resolve_vindex_ref	toolchain_only
run_atomic_compile	toolchain_only
run_batch	unreached
run_repl	unreached
run_repl_basic	unreached
run_statement	unreached
save_memit_store	toolchain_only
scale_overlay_down	toolchain_only
score_matches	runtime_only
set_profile	unreached
should_refine	toolchain_only
should_refine_combined_sets_always_run	unreached
should_refine_empty_inputs_never_runs	unreached
should_refine_single_input_needs_a_decoy	unreached
should_refine_two_plus_inputs_runs_without_decoys	unreached
show_models_in	runtime_only
signal_label	unreached
silu	unreached
skip_whitespace_and_comments	unreached
softmax	runtime_only
sort_rows	runtime_only
split_statements	unreached
staging_dir_for	toolchain_only
standardize	runtime_only
string_condition	shared
target_prefix	toolchain_only
token_embedding_pub	unreached
tokenise	unreached
top_k_probs	shared
train_probe	runtime_only
try_moe_describe	runtime_only
try_parse_layer_band	unreached
typical_layer_for_relation	unreached
unit_vector	toolchain_only
unit_vector_handles_already_unit	unreached
unit_vector_normalises_to_length_one	unreached
unit_vector_passthrough_on_zero	unreached
unsupported	shared
v3_bos_token	toolchain_only
v3_container_root	runtime_only
v3_continuation	shared
v3_diff_side	toolchain_only
v3_index	runtime_only
vec_norm	runtime_only
verb	unreached
walk	runtime_only
